{
  "environment" : "unittest",
  "summary" : "Python course.\nCreated: Oct 24, 2020, 8:39:14 AM.",
  "title" : "Module 5 Assignments",
  "authors" : [
    "Corra"
  ],
  "programming_language" : "Python",
  "language" : "en",
  "course_type" : "PyCharm",
  "items" : [
    {
      "title" : "lesson1",
      "task_list" : [
        {
          "name" : "Hello World",
          "files" : {
            "tests/test_task.py" : {
              "name" : "tests/test_task.py",
              "placeholders" : [ ],
              "is_visible" : false,
              "text" : "import unittest\n\nfrom ..task import sum\n\n\n# todo: replace this with an actual test\nclass TestCase(unittest.TestCase):\n    def test_add(self):\n        self.assertEqual(sum(1, 2), 3, msg=\"adds 1 + 2 to equal 3\")\n"
            },
            "__init__.py" : {
              "name" : "__init__.py",
              "placeholders" : [ ],
              "is_visible" : false,
              "text" : ""
            },
            "tests/__init__.py" : {
              "name" : "tests/__init__.py",
              "placeholders" : [ ],
              "is_visible" : false,
              "text" : ""
            },
            "task.py" : {
              "name" : "task.py",
              "placeholders" : [ ],
              "is_visible" : true,
              "text" : "# author:\n# date:\n# purpose: Hello world\n\n# input\n\n# output\n"
            }
          },
          "description_text" : "<html>\n<h1>Hello world</h1>\n\n<p>Using input, prompt for user to enter name<br>\n    Then display <b>\"Hello, xxxxxx, How are you?</b><br>\n    where <b>xxxxx</b> is the user's name</p>\n\n<h3>Tests</h3>\n<table border=\"1\" style=\"border-collapse:collapse\">\n    <tr>\n        <th style=\"padding:1em\">Input</th>\n        <th>Output</th>\n    </tr>\n    <tr>\n        <td style=\"padding:1em\">Mary</td>\n        <td style=\"padding:1em\">Hello, Mary, how are you? </td>\n    </tr>\n       <tr>\n        <td style=\"padding:1em\">Juan</td>\n        <td style=\"padding:1em\">Hello, Juan, how are you? </td>\n    </tr>\n\n</table>\n\n<p><b>Be sure to fill out author and date</b></p>\n<h4>PLEASE NOTE:</h4>\n<b>Check</b> does not work with the assignments,\nonly the exercises\n<br>\n</html>\n",
          "description_format" : "HTML",
          "feedback_link" : {
            "link_type" : "STEPIK"
          },
          "task_type" : "edu"
        },
        {
          "name" : "Price of Groceries",
          "files" : {
            "task.py" : {
              "name" : "task.py",
              "placeholders" : [ ],
              "is_visible" : true,
              "text" : "# author:\n# date:\n# purpose: Calculate Price of Groceries\n\n# input\n\n\n# calculations\n\n\n# output\n"
            },
            "tests/test_task.py" : {
              "name" : "tests/test_task.py",
              "placeholders" : [ ],
              "is_visible" : false,
              "text" : "import unittest\n\nfrom ..task import sum\n\n\n# todo: replace this with an actual test\nclass TestCase(unittest.TestCase):\n    def test_add(self):\n        self.assertEqual(sum(1, 2), 3, msg=\"adds 1 + 2 to equal 3\")\n"
            },
            "__init__.py" : {
              "name" : "__init__.py",
              "placeholders" : [ ],
              "is_visible" : false,
              "text" : ""
            },
            "tests/__init__.py" : {
              "name" : "tests/__init__.py",
              "placeholders" : [ ],
              "is_visible" : false,
              "text" : ""
            }
          },
          "description_text" : "<html>\r\n<h1>Price of groceries</h1>\r\n\r\n<h4>Use input to prompt for these float values:</h4>\r\n<ul>\r\n    <li>price of oranges per pound</li>\r\n    <li>pounds of oranges purchased</li>\r\n    <li>price of apples per pound</li>\r\n    <li>pounds of apples purchased</li>\r\n</ul>\r\n\r\n<h4>Calculate these float values:</h4>\r\n<ul>\r\n    <li>total price of oranges</li>\r\n    <li>total price of apples</li>\r\n    <li>total price of groceries</li>\r\n</ul>\r\n<h4>Display results as</h4>\r\nOranges: {total price of oranges}<br>\r\nApples: {total price of apples}<br>\r\nTotal: {total price of groceries}<br>\r\n&nbsp &nbsp &nbsp &nbsp where values in {} are calculated values\r\n\r\n<h3>Tests</h3>\r\n<table border=\"1\" style=\"border-collapse:collapse\">\r\n    <tr>\r\n        <th style=\"padding:1em\" colspan=\"2\">Oranges</th>\r\n        <th style=\"padding:1em\" colspan=\"2\">Apples</th>\r\n        <th rowspan=\"2\">Output</th>\r\n    </tr>\r\n    <tr>\r\n        <th style=\"padding:1em\">Price</th>\r\n        <th style=\"padding:1em\">Lbs.</th>\r\n        <th style=\"padding:1em\">Price</th>\r\n        <th style=\"padding:1em\">Lbs.</th>\r\n\r\n    </tr>\r\n    <tr>\r\n        <td style=\"padding:1em\">.68</td>\r\n        <td style=\"padding:1em\">2</td>\r\n        <td style=\"padding:1em\">1.29</td>\r\n        <td style=\"padding:1em\">2</td>\r\n        <td style=\"padding:1em\">Oranges: 1.36<br> Apples: 2.58<br> Total: 3.94</td>\r\n       <tr>\r\n        <td style=\"padding:1em\">1.29</td>\r\n        <td style=\"padding:1em\">3.6</td>\r\n           <td style=\"padding:1em\">1.74</td>\r\n        <td style=\"padding:1em\">1.1</td>\r\n    <td style=\"padding:1em\">Oranges: 4.64<br> Apples: 1.91<br> Total: <b>6.55</b></td>\r\n    </tr>\r\n\r\n</table>\r\n\r\n<p>\r\n<b>Be sure to fill out author and date<br>\r\nBe sure to separate input from calculation from output </b>\r\n<br>\r\n<h4>PLEASE NOTE:</h4>\r\n<p>For the second test, Total is 6.55, <b>NOT</b> 6.56<br>\r\nDon't mix processing with output and you'll be OK</p>\r\n<b>Check</b> does not work with the assignments,\r\nonly the exercises\r\n</html>\r\n",
          "description_format" : "HTML",
          "feedback_link" : {
            "link_type" : "STEPIK"
          },
          "task_type" : "edu"
        },
        {
          "name" : "Number of Years and Months",
          "files" : {
            "task.py" : {
              "name" : "task.py",
              "placeholders" : [ ],
              "is_visible" : true,
              "text" : "# author:\n# date:\n# purpose: Calculate number of years and months\n# input\n\n\n# calculations\n\n\n# output\n"
            },
            "tests/test_task.py" : {
              "name" : "tests/test_task.py",
              "placeholders" : [ ],
              "is_visible" : false,
              "text" : "import unittest\n\nfrom ..task import sum\n\n\n# todo: replace this with an actual test\nclass TestCase(unittest.TestCase):\n    def test_add(self):\n        self.assertEqual(sum(1, 2), 3, msg=\"adds 1 + 2 to equal 3\")\n"
            },
            "__init__.py" : {
              "name" : "__init__.py",
              "placeholders" : [ ],
              "is_visible" : false,
              "text" : ""
            },
            "tests/__init__.py" : {
              "name" : "tests/__init__.py",
              "placeholders" : [ ],
              "is_visible" : false,
              "text" : ""
            }
          },
          "description_text" : "<html>\n<h1>Number of years and months</h1>\n\n<h4>Use input to prompt for this integer value:</h4>\n<ul>\n    <li>total number of months</li>\n</ul>\n\n<h4>Calculate these integer values:</h4>\n<ul>\n    <li>number of years</li>\n    <li>number of months</li>\n</ul>\n<h4>Display results as</h4>\n{total number of months} months is\n{number of years} year(s) and\n{number of months} month(s).<br>\nwhere values in {} are calculated values\n\n<h3>Tests</h3>\n<table border=\"1\" style=\"border-collapse:collapse\">\n    <tr>\n        <th style=\"padding:1em\" >Input Months</th>\n\n        <th>Output</th>\n    </tr>\n\n    <tr>\n      <td style=\"text-align:center\">18</td>\n        <td style=\"padding:1em\">18 months is 1 year(s) and 6 month(s)</td>\n    </tr>\n    <tr>\n         <td style=\"text-align:center\">193</td>\n        <td style=\"padding:1em\">193 months is 16 year(s) and 1 month(s)</td>\n    </tr>\n\n</table>\n\n<p>\n<b>Be sure to fill out author and date<br>\nBe sure to separate input from calculation from output </b>\n<br>\n<h4>PLEASE NOTE:</h4>\n<b>Check</b> does not work with the assignments,\nonly the exercises\n</html>\n",
          "description_format" : "HTML",
          "feedback_link" : {
            "link_type" : "STEPIK"
          },
          "task_type" : "edu"
        },
        {
          "name" : "Bank Balance",
          "files" : {
            "task.py" : {
              "name" : "task.py",
              "placeholders" : [ ],
              "is_visible" : true,
              "text" : "# author:\n# date:\n# purpose: Calculate bank balance\n\n# input\n\n\n# calculations\n\n\n# output\n"
            },
            "tests/test_task.py" : {
              "name" : "tests/test_task.py",
              "placeholders" : [ ],
              "is_visible" : false,
              "text" : "import unittest\n\nfrom ..task import sum\n\n\n# todo: replace this with an actual test\nclass TestCase(unittest.TestCase):\n    def test_add(self):\n        self.assertEqual(sum(1, 2), 3, msg=\"adds 1 + 2 to equal 3\")\n"
            },
            "__init__.py" : {
              "name" : "__init__.py",
              "placeholders" : [ ],
              "is_visible" : false,
              "text" : ""
            },
            "tests/__init__.py" : {
              "name" : "tests/__init__.py",
              "placeholders" : [ ],
              "is_visible" : false,
              "text" : ""
            }
          },
          "description_text" : "<html>\n<h1>Bank Balance</h1>\n\n<h4>Use input to prompt for these float values:</h4>\n<ul>\n    <li>beginning balance</li>\n    <li>monthly deposits</li>\n    <li>monthly withdrawals</li>\n</ul>\n\n<h4>Using the assignment operators += and -=, calculate:</h4>\n<ul>\n    <li>ending balance</li>\n</ul>\n<b>Note:</b> failure to use assignment operators results in <b>2 point loss</b>\n<h4>Display results as</h4>\nBeginning balance is {beginning balance}.<br>\nEnding balance is {ending balance}.<br>\n&nbsp;&nbsp;&nbsp;&nbsp;where value in {} comes from the program\n\n<h3>Tests</h3>\n<table border=\"1\" style=\"border-collapse:collapse\">\n    <tr>\n        <th style=\"padding:1em\" colspan=\"3\">Input</th>\n\n        <th rowspan=\"2\">Output</th>\n    </tr>\n    <tr>\n        <th style=\"padding:.2em\">Begin Balance</th>\n        <th style=\"padding:.2em\">Deposits</th>\n        <th style=\"padding:.2em\">Withdrawals</th>\n    </tr>\n\n    <tr>\n      <td style=\"text-align:center\">1000</td>\n              <td style=\"text-align:center\">100</td>\n              <td style=\"text-align:center\">50</td>\n        <td style=\"padding:1em\">beginning balance is 1050.0<br>ending balance is 1050.0</td>\n    </tr>\n     <td style=\"text-align:center\">530.56</td>\n              <td style=\"text-align:center\">99.59</td>\n              <td style=\"text-align:center\">50</td>\n        <td style=\"padding:1em\">beginning balance is 530.56<br>ending balance is 580.15</td>\n\n</table>\n\n<p>\n<b>Be sure to fill out author and date<br>\nBe sure to separate input from calculation from output </b>\n<br>\n<h4>PLEASE NOTE:</h4>\n<b>Check</b> does not work with the assignments,\nonly the exercises\n</html>\n",
          "description_format" : "HTML",
          "feedback_link" : {
            "link_type" : "STEPIK"
          },
          "task_type" : "edu"
        }
      ],
      "type" : "lesson"
    }
  ],
  "additional_files" : [
    {
      "name" : "lesson1/desktop.ini",
      "placeholders" : [ ],
      "is_visible" : true,
      "text" : "[\u0000.\u0000S\u0000h\u0000e\u0000l\u0000l\u0000C\u0000l\u0000a\u0000s\u0000s\u0000I\u0000n\u0000f\u0000o\u0000]\u0000\r\u0000\n\u0000C\u0000o\u0000n\u0000f\u0000i\u0000r\u0000m\u0000F\u0000i\u0000l\u0000e\u0000O\u0000p\u0000=\u00000\u0000\r\u0000\n\u0000I\u0000c\u0000o\u0000n\u0000R\u0000e\u0000s\u0000o\u0000u\u0000r\u0000c\u0000e\u0000=\u0000C\u0000:\u0000\\\u0000P\u0000r\u0000o\u0000g\u0000r\u0000a\u0000m\u0000 \u0000F\u0000i\u0000l\u0000e\u0000s\u0000\\\u0000G\u0000o\u0000o\u0000g\u0000l\u0000e\u0000\\\u0000D\u0000r\u0000i\u0000v\u0000e\u0000 \u0000F\u0000i\u0000l\u0000e\u0000 \u0000S\u0000t\u0000r\u0000e\u0000a\u0000m\u0000\\\u00004\u00002\u0000.\u00000\u0000.\u00001\u00001\u0000.\u00000\u0000\\\u0000G\u0000o\u0000o\u0000g\u0000l\u0000e\u0000D\u0000r\u0000i\u0000v\u0000e\u0000F\u0000S\u0000.\u0000e\u0000x\u0000e\u0000,\u00002\u00001\u0000\r\u0000\n\u0000"
    },
    {
      "name" : "desktop.ini",
      "placeholders" : [ ],
      "is_visible" : true,
      "text" : "[\u0000.\u0000S\u0000h\u0000e\u0000l\u0000l\u0000C\u0000l\u0000a\u0000s\u0000s\u0000I\u0000n\u0000f\u0000o\u0000]\u0000\r\u0000\n\u0000C\u0000o\u0000n\u0000f\u0000i\u0000r\u0000m\u0000F\u0000i\u0000l\u0000e\u0000O\u0000p\u0000=\u00000\u0000\r\u0000\n\u0000I\u0000c\u0000o\u0000n\u0000R\u0000e\u0000s\u0000o\u0000u\u0000r\u0000c\u0000e\u0000=\u0000C\u0000:\u0000\\\u0000P\u0000r\u0000o\u0000g\u0000r\u0000a\u0000m\u0000 \u0000F\u0000i\u0000l\u0000e\u0000s\u0000\\\u0000G\u0000o\u0000o\u0000g\u0000l\u0000e\u0000\\\u0000D\u0000r\u0000i\u0000v\u0000e\u0000 \u0000F\u0000i\u0000l\u0000e\u0000 \u0000S\u0000t\u0000r\u0000e\u0000a\u0000m\u0000\\\u00004\u00002\u0000.\u00000\u0000.\u00001\u00001\u0000.\u00000\u0000\\\u0000G\u0000o\u0000o\u0000g\u0000l\u0000e\u0000D\u0000r\u0000i\u0000v\u0000e\u0000F\u0000S\u0000.\u0000e\u0000x\u0000e\u0000,\u00002\u00001\u0000\r\u0000\n\u0000"
    }
  ],
  "version" : 11
}